sample-id	forward-absolute-filepath	reverse-absolute-filepath
SRR33459675	/home/siddharth/liver_cirrhosis/data/PRJNA1259947/SRR33459675_1.fastq.gz	/home/siddharth/liver_cirrhosis/data/PRJNA1259947/SRR33459675_2.fastq.gz
SRR33459676	/home/siddharth/liver_cirrhosis/data/PRJNA1259947/SRR33459676_1.fastq.gz	/home/siddharth/liver_cirrhosis/data/PRJNA1259947/SRR33459676_2.fastq.gz
SRR33459677	/home/siddharth/liver_cirrhosis/data/PRJNA1259947/SRR33459677_1.fastq.gz	/home/siddharth/liver_cirrhosis/data/PRJNA1259947/SRR33459677_2.fastq.gz
SRR33459678	/home/siddharth/liver_cirrhosis/data/PRJNA1259947/SRR33459678_1.fastq.gz	/home/siddharth/liver_cirrhosis/data/PRJNA1259947/SRR33459678_2.fastq.gz
SRR33459679	/home/siddharth/liver_cirrhosis/data/PRJNA1259947/SRR33459679_1.fastq.gz	/home/siddharth/liver_cirrhosis/data/PRJNA1259947/SRR33459679_2.fastq.gz
SRR33459680	/home/siddharth/liver_cirrhosis/data/PRJNA1259947/SRR33459680_1.fastq.gz	/home/siddharth/liver_cirrhosis/data/PRJNA1259947/SRR33459680_2.fastq.gz
SRR33459681	/home/siddharth/liver_cirrhosis/data/PRJNA1259947/SRR33459681_1.fastq.gz	/home/siddharth/liver_cirrhosis/data/PRJNA1259947/SRR33459681_2.fastq.gz
SRR33459682	/home/siddharth/liver_cirrhosis/data/PRJNA1259947/SRR33459682_1.fastq.gz	/home/siddharth/liver_cirrhosis/data/PRJNA1259947/SRR33459682_2.fastq.gz
SRR33459683	/home/siddharth/liver_cirrhosis/data/PRJNA1259947/SRR33459683_1.fastq.gz	/home/siddharth/liver_cirrhosis/data/PRJNA1259947/SRR33459683_2.fastq.gz
SRR33459684	/home/siddharth/liver_cirrhosis/data/PRJNA1259947/SRR33459684_1.fastq.gz	/home/siddharth/liver_cirrhosis/data/PRJNA1259947/SRR33459684_2.fastq.gz
SRR33459685	/home/siddharth/liver_cirrhosis/data/PRJNA1259947/SRR33459685_1.fastq.gz	/home/siddharth/liver_cirrhosis/data/PRJNA1259947/SRR33459685_2.fastq.gz
SRR33459686	/home/siddharth/liver_cirrhosis/data/PRJNA1259947/SRR33459686_1.fastq.gz	/home/siddharth/liver_cirrhosis/data/PRJNA1259947/SRR33459686_2.fastq.gz
SRR33459687	/home/siddharth/liver_cirrhosis/data/PRJNA1259947/SRR33459687_1.fastq.gz	/home/siddharth/liver_cirrhosis/data/PRJNA1259947/SRR33459687_2.fastq.gz
SRR33459688	/home/siddharth/liver_cirrhosis/data/PRJNA1259947/SRR33459688_1.fastq.gz	/home/siddharth/liver_cirrhosis/data/PRJNA1259947/SRR33459688_2.fastq.gz
SRR33459689	/home/siddharth/liver_cirrhosis/data/PRJNA1259947/SRR33459689_1.fastq.gz	/home/siddharth/liver_cirrhosis/data/PRJNA1259947/SRR33459689_2.fastq.gz
SRR33459690	/home/siddharth/liver_cirrhosis/data/PRJNA1259947/SRR33459690_1.fastq.gz	/home/siddharth/liver_cirrhosis/data/PRJNA1259947/SRR33459690_2.fastq.gz
SRR33459691	/home/siddharth/liver_cirrhosis/data/PRJNA1259947/SRR33459691_1.fastq.gz	/home/siddharth/liver_cirrhosis/data/PRJNA1259947/SRR33459691_2.fastq.gz
SRR33459692	/home/siddharth/liver_cirrhosis/data/PRJNA1259947/SRR33459692_1.fastq.gz	/home/siddharth/liver_cirrhosis/data/PRJNA1259947/SRR33459692_2.fastq.gz
SRR33459693	/home/siddharth/liver_cirrhosis/data/PRJNA1259947/SRR33459693_1.fastq.gz	/home/siddharth/liver_cirrhosis/data/PRJNA1259947/SRR33459693_2.fastq.gz
SRR33459694	/home/siddharth/liver_cirrhosis/data/PRJNA1259947/SRR33459694_1.fastq.gz	/home/siddharth/liver_cirrhosis/data/PRJNA1259947/SRR33459694_2.fastq.gz
SRR33459695	/home/siddharth/liver_cirrhosis/data/PRJNA1259947/SRR33459695_1.fastq.gz	/home/siddharth/liver_cirrhosis/data/PRJNA1259947/SRR33459695_2.fastq.gz
SRR33459696	/home/siddharth/liver_cirrhosis/data/PRJNA1259947/SRR33459696_1.fastq.gz	/home/siddharth/liver_cirrhosis/data/PRJNA1259947/SRR33459696_2.fastq.gz
SRR33459697	/home/siddharth/liver_cirrhosis/data/PRJNA1259947/SRR33459697_1.fastq.gz	/home/siddharth/liver_cirrhosis/data/PRJNA1259947/SRR33459697_2.fastq.gz
SRR33459698	/home/siddharth/liver_cirrhosis/data/PRJNA1259947/SRR33459698_1.fastq.gz	/home/siddharth/liver_cirrhosis/data/PRJNA1259947/SRR33459698_2.fastq.gz
SRR33459699	/home/siddharth/liver_cirrhosis/data/PRJNA1259947/SRR33459699_1.fastq.gz	/home/siddharth/liver_cirrhosis/data/PRJNA1259947/SRR33459699_2.fastq.gz
SRR33459700	/home/siddharth/liver_cirrhosis/data/PRJNA1259947/SRR33459700_1.fastq.gz	/home/siddharth/liver_cirrhosis/data/PRJNA1259947/SRR33459700_2.fastq.gz
SRR33459701	/home/siddharth/liver_cirrhosis/data/PRJNA1259947/SRR33459701_1.fastq.gz	/home/siddharth/liver_cirrhosis/data/PRJNA1259947/SRR33459701_2.fastq.gz
SRR33459702	/home/siddharth/liver_cirrhosis/data/PRJNA1259947/SRR33459702_1.fastq.gz	/home/siddharth/liver_cirrhosis/data/PRJNA1259947/SRR33459702_2.fastq.gz
SRR33459703	/home/siddharth/liver_cirrhosis/data/PRJNA1259947/SRR33459703_1.fastq.gz	/home/siddharth/liver_cirrhosis/data/PRJNA1259947/SRR33459703_2.fastq.gz
SRR33459704	/home/siddharth/liver_cirrhosis/data/PRJNA1259947/SRR33459704_1.fastq.gz	/home/siddharth/liver_cirrhosis/data/PRJNA1259947/SRR33459704_2.fastq.gz
SRR33459705	/home/siddharth/liver_cirrhosis/data/PRJNA1259947/SRR33459705_1.fastq.gz	/home/siddharth/liver_cirrhosis/data/PRJNA1259947/SRR33459705_2.fastq.gz
SRR33459706	/home/siddharth/liver_cirrhosis/data/PRJNA1259947/SRR33459706_1.fastq.gz	/home/siddharth/liver_cirrhosis/data/PRJNA1259947/SRR33459706_2.fastq.gz
SRR33459707	/home/siddharth/liver_cirrhosis/data/PRJNA1259947/SRR33459707_1.fastq.gz	/home/siddharth/liver_cirrhosis/data/PRJNA1259947/SRR33459707_2.fastq.gz
SRR33459708	/home/siddharth/liver_cirrhosis/data/PRJNA1259947/SRR33459708_1.fastq.gz	/home/siddharth/liver_cirrhosis/data/PRJNA1259947/SRR33459708_2.fastq.gz
SRR33459709	/home/siddharth/liver_cirrhosis/data/PRJNA1259947/SRR33459709_1.fastq.gz	/home/siddharth/liver_cirrhosis/data/PRJNA1259947/SRR33459709_2.fastq.gz
SRR33459710	/home/siddharth/liver_cirrhosis/data/PRJNA1259947/SRR33459710_1.fastq.gz	/home/siddharth/liver_cirrhosis/data/PRJNA1259947/SRR33459710_2.fastq.gz
SRR33459711	/home/siddharth/liver_cirrhosis/data/PRJNA1259947/SRR33459711_1.fastq.gz	/home/siddharth/liver_cirrhosis/data/PRJNA1259947/SRR33459711_2.fastq.gz
SRR33459712	/home/siddharth/liver_cirrhosis/data/PRJNA1259947/SRR33459712_1.fastq.gz	/home/siddharth/liver_cirrhosis/data/PRJNA1259947/SRR33459712_2.fastq.gz
SRR33459713	/home/siddharth/liver_cirrhosis/data/PRJNA1259947/SRR33459713_1.fastq.gz	/home/siddharth/liver_cirrhosis/data/PRJNA1259947/SRR33459713_2.fastq.gz
SRR33459714	/home/siddharth/liver_cirrhosis/data/PRJNA1259947/SRR33459714_1.fastq.gz	/home/siddharth/liver_cirrhosis/data/PRJNA1259947/SRR33459714_2.fastq.gz
SRR33459715	/home/siddharth/liver_cirrhosis/data/PRJNA1259947/SRR33459715_1.fastq.gz	/home/siddharth/liver_cirrhosis/data/PRJNA1259947/SRR33459715_2.fastq.gz
SRR33459716	/home/siddharth/liver_cirrhosis/data/PRJNA1259947/SRR33459716_1.fastq.gz	/home/siddharth/liver_cirrhosis/data/PRJNA1259947/SRR33459716_2.fastq.gz
SRR33459717	/home/siddharth/liver_cirrhosis/data/PRJNA1259947/SRR33459717_1.fastq.gz	/home/siddharth/liver_cirrhosis/data/PRJNA1259947/SRR33459717_2.fastq.gz
SRR33459718	/home/siddharth/liver_cirrhosis/data/PRJNA1259947/SRR33459718_1.fastq.gz	/home/siddharth/liver_cirrhosis/data/PRJNA1259947/SRR33459718_2.fastq.gz
SRR33459719	/home/siddharth/liver_cirrhosis/data/PRJNA1259947/SRR33459719_1.fastq.gz	/home/siddharth/liver_cirrhosis/data/PRJNA1259947/SRR33459719_2.fastq.gz
SRR33459720	/home/siddharth/liver_cirrhosis/data/PRJNA1259947/SRR33459720_1.fastq.gz	/home/siddharth/liver_cirrhosis/data/PRJNA1259947/SRR33459720_2.fastq.gz
SRR33459721	/home/siddharth/liver_cirrhosis/data/PRJNA1259947/SRR33459721_1.fastq.gz	/home/siddharth/liver_cirrhosis/data/PRJNA1259947/SRR33459721_2.fastq.gz
SRR33459722	/home/siddharth/liver_cirrhosis/data/PRJNA1259947/SRR33459722_1.fastq.gz	/home/siddharth/liver_cirrhosis/data/PRJNA1259947/SRR33459722_2.fastq.gz
SRR33459723	/home/siddharth/liver_cirrhosis/data/PRJNA1259947/SRR33459723_1.fastq.gz	/home/siddharth/liver_cirrhosis/data/PRJNA1259947/SRR33459723_2.fastq.gz
SRR33459724	/home/siddharth/liver_cirrhosis/data/PRJNA1259947/SRR33459724_1.fastq.gz	/home/siddharth/liver_cirrhosis/data/PRJNA1259947/SRR33459724_2.fastq.gz
SRR33459725	/home/siddharth/liver_cirrhosis/data/PRJNA1259947/SRR33459725_1.fastq.gz	/home/siddharth/liver_cirrhosis/data/PRJNA1259947/SRR33459725_2.fastq.gz
SRR33459726	/home/siddharth/liver_cirrhosis/data/PRJNA1259947/SRR33459726_1.fastq.gz	/home/siddharth/liver_cirrhosis/data/PRJNA1259947/SRR33459726_2.fastq.gz
SRR33459727	/home/siddharth/liver_cirrhosis/data/PRJNA1259947/SRR33459727_1.fastq.gz	/home/siddharth/liver_cirrhosis/data/PRJNA1259947/SRR33459727_2.fastq.gz
SRR33459728	/home/siddharth/liver_cirrhosis/data/PRJNA1259947/SRR33459728_1.fastq.gz	/home/siddharth/liver_cirrhosis/data/PRJNA1259947/SRR33459728_2.fastq.gz
SRR33459729	/home/siddharth/liver_cirrhosis/data/PRJNA1259947/SRR33459729_1.fastq.gz	/home/siddharth/liver_cirrhosis/data/PRJNA1259947/SRR33459729_2.fastq.gz
SRR33459730	/home/siddharth/liver_cirrhosis/data/PRJNA1259947/SRR33459730_1.fastq.gz	/home/siddharth/liver_cirrhosis/data/PRJNA1259947/SRR33459730_2.fastq.gz
SRR33459731	/home/siddharth/liver_cirrhosis/data/PRJNA1259947/SRR33459731_1.fastq.gz	/home/siddharth/liver_cirrhosis/data/PRJNA1259947/SRR33459731_2.fastq.gz
SRR33459732	/home/siddharth/liver_cirrhosis/data/PRJNA1259947/SRR33459732_1.fastq.gz	/home/siddharth/liver_cirrhosis/data/PRJNA1259947/SRR33459732_2.fastq.gz
SRR33459733	/home/siddharth/liver_cirrhosis/data/PRJNA1259947/SRR33459733_1.fastq.gz	/home/siddharth/liver_cirrhosis/data/PRJNA1259947/SRR33459733_2.fastq.gz
SRR33459734	/home/siddharth/liver_cirrhosis/data/PRJNA1259947/SRR33459734_1.fastq.gz	/home/siddharth/liver_cirrhosis/data/PRJNA1259947/SRR33459734_2.fastq.gz
SRR33459735	/home/siddharth/liver_cirrhosis/data/PRJNA1259947/SRR33459735_1.fastq.gz	/home/siddharth/liver_cirrhosis/data/PRJNA1259947/SRR33459735_2.fastq.gz
SRR33459736	/home/siddharth/liver_cirrhosis/data/PRJNA1259947/SRR33459736_1.fastq.gz	/home/siddharth/liver_cirrhosis/data/PRJNA1259947/SRR33459736_2.fastq.gz
SRR33459737	/home/siddharth/liver_cirrhosis/data/PRJNA1259947/SRR33459737_1.fastq.gz	/home/siddharth/liver_cirrhosis/data/PRJNA1259947/SRR33459737_2.fastq.gz
SRR33459738	/home/siddharth/liver_cirrhosis/data/PRJNA1259947/SRR33459738_1.fastq.gz	/home/siddharth/liver_cirrhosis/data/PRJNA1259947/SRR33459738_2.fastq.gz
SRR33459739	/home/siddharth/liver_cirrhosis/data/PRJNA1259947/SRR33459739_1.fastq.gz	/home/siddharth/liver_cirrhosis/data/PRJNA1259947/SRR33459739_2.fastq.gz
SRR33459740	/home/siddharth/liver_cirrhosis/data/PRJNA1259947/SRR33459740_1.fastq.gz	/home/siddharth/liver_cirrhosis/data/PRJNA1259947/SRR33459740_2.fastq.gz
SRR33459741	/home/siddharth/liver_cirrhosis/data/PRJNA1259947/SRR33459741_1.fastq.gz	/home/siddharth/liver_cirrhosis/data/PRJNA1259947/SRR33459741_2.fastq.gz
SRR33459742	/home/siddharth/liver_cirrhosis/data/PRJNA1259947/SRR33459742_1.fastq.gz	/home/siddharth/liver_cirrhosis/data/PRJNA1259947/SRR33459742_2.fastq.gz
SRR33459743	/home/siddharth/liver_cirrhosis/data/PRJNA1259947/SRR33459743_1.fastq.gz	/home/siddharth/liver_cirrhosis/data/PRJNA1259947/SRR33459743_2.fastq.gz
SRR33459744	/home/siddharth/liver_cirrhosis/data/PRJNA1259947/SRR33459744_1.fastq.gz	/home/siddharth/liver_cirrhosis/data/PRJNA1259947/SRR33459744_2.fastq.gz
SRR33459745	/home/siddharth/liver_cirrhosis/data/PRJNA1259947/SRR33459745_1.fastq.gz	/home/siddharth/liver_cirrhosis/data/PRJNA1259947/SRR33459745_2.fastq.gz
SRR33459746	/home/siddharth/liver_cirrhosis/data/PRJNA1259947/SRR33459746_1.fastq.gz	/home/siddharth/liver_cirrhosis/data/PRJNA1259947/SRR33459746_2.fastq.gz
SRR33459747	/home/siddharth/liver_cirrhosis/data/PRJNA1259947/SRR33459747_1.fastq.gz	/home/siddharth/liver_cirrhosis/data/PRJNA1259947/SRR33459747_2.fastq.gz
SRR33459748	/home/siddharth/liver_cirrhosis/data/PRJNA1259947/SRR33459748_1.fastq.gz	/home/siddharth/liver_cirrhosis/data/PRJNA1259947/SRR33459748_2.fastq.gz
SRR33459749	/home/siddharth/liver_cirrhosis/data/PRJNA1259947/SRR33459749_1.fastq.gz	/home/siddharth/liver_cirrhosis/data/PRJNA1259947/SRR33459749_2.fastq.gz
SRR33459750	/home/siddharth/liver_cirrhosis/data/PRJNA1259947/SRR33459750_1.fastq.gz	/home/siddharth/liver_cirrhosis/data/PRJNA1259947/SRR33459750_2.fastq.gz
SRR33459751	/home/siddharth/liver_cirrhosis/data/PRJNA1259947/SRR33459751_1.fastq.gz	/home/siddharth/liver_cirrhosis/data/PRJNA1259947/SRR33459751_2.fastq.gz
SRR33459752	/home/siddharth/liver_cirrhosis/data/PRJNA1259947/SRR33459752_1.fastq.gz	/home/siddharth/liver_cirrhosis/data/PRJNA1259947/SRR33459752_2.fastq.gz
SRR33459753	/home/siddharth/liver_cirrhosis/data/PRJNA1259947/SRR33459753_1.fastq.gz	/home/siddharth/liver_cirrhosis/data/PRJNA1259947/SRR33459753_2.fastq.gz
SRR33459754	/home/siddharth/liver_cirrhosis/data/PRJNA1259947/SRR33459754_1.fastq.gz	/home/siddharth/liver_cirrhosis/data/PRJNA1259947/SRR33459754_2.fastq.gz
SRR33459755	/home/siddharth/liver_cirrhosis/data/PRJNA1259947/SRR33459755_1.fastq.gz	/home/siddharth/liver_cirrhosis/data/PRJNA1259947/SRR33459755_2.fastq.gz
SRR33459756	/home/siddharth/liver_cirrhosis/data/PRJNA1259947/SRR33459756_1.fastq.gz	/home/siddharth/liver_cirrhosis/data/PRJNA1259947/SRR33459756_2.fastq.gz
SRR33459757	/home/siddharth/liver_cirrhosis/data/PRJNA1259947/SRR33459757_1.fastq.gz	/home/siddharth/liver_cirrhosis/data/PRJNA1259947/SRR33459757_2.fastq.gz
SRR33459758	/home/siddharth/liver_cirrhosis/data/PRJNA1259947/SRR33459758_1.fastq.gz	/home/siddharth/liver_cirrhosis/data/PRJNA1259947/SRR33459758_2.fastq.gz
SRR33459759	/home/siddharth/liver_cirrhosis/data/PRJNA1259947/SRR33459759_1.fastq.gz	/home/siddharth/liver_cirrhosis/data/PRJNA1259947/SRR33459759_2.fastq.gz
SRR33459760	/home/siddharth/liver_cirrhosis/data/PRJNA1259947/SRR33459760_1.fastq.gz	/home/siddharth/liver_cirrhosis/data/PRJNA1259947/SRR33459760_2.fastq.gz
SRR33459761	/home/siddharth/liver_cirrhosis/data/PRJNA1259947/SRR33459761_1.fastq.gz	/home/siddharth/liver_cirrhosis/data/PRJNA1259947/SRR33459761_2.fastq.gz
SRR33459762	/home/siddharth/liver_cirrhosis/data/PRJNA1259947/SRR33459762_1.fastq.gz	/home/siddharth/liver_cirrhosis/data/PRJNA1259947/SRR33459762_2.fastq.gz
SRR33459763	/home/siddharth/liver_cirrhosis/data/PRJNA1259947/SRR33459763_1.fastq.gz	/home/siddharth/liver_cirrhosis/data/PRJNA1259947/SRR33459763_2.fastq.gz
SRR33459764	/home/siddharth/liver_cirrhosis/data/PRJNA1259947/SRR33459764_1.fastq.gz	/home/siddharth/liver_cirrhosis/data/PRJNA1259947/SRR33459764_2.fastq.gz
SRR33459765	/home/siddharth/liver_cirrhosis/data/PRJNA1259947/SRR33459765_1.fastq.gz	/home/siddharth/liver_cirrhosis/data/PRJNA1259947/SRR33459765_2.fastq.gz
SRR33459766	/home/siddharth/liver_cirrhosis/data/PRJNA1259947/SRR33459766_1.fastq.gz	/home/siddharth/liver_cirrhosis/data/PRJNA1259947/SRR33459766_2.fastq.gz
SRR33459767	/home/siddharth/liver_cirrhosis/data/PRJNA1259947/SRR33459767_1.fastq.gz	/home/siddharth/liver_cirrhosis/data/PRJNA1259947/SRR33459767_2.fastq.gz
SRR33459768	/home/siddharth/liver_cirrhosis/data/PRJNA1259947/SRR33459768_1.fastq.gz	/home/siddharth/liver_cirrhosis/data/PRJNA1259947/SRR33459768_2.fastq.gz
SRR33459769	/home/siddharth/liver_cirrhosis/data/PRJNA1259947/SRR33459769_1.fastq.gz	/home/siddharth/liver_cirrhosis/data/PRJNA1259947/SRR33459769_2.fastq.gz
SRR33459770	/home/siddharth/liver_cirrhosis/data/PRJNA1259947/SRR33459770_1.fastq.gz	/home/siddharth/liver_cirrhosis/data/PRJNA1259947/SRR33459770_2.fastq.gz
SRR33459771	/home/siddharth/liver_cirrhosis/data/PRJNA1259947/SRR33459771_1.fastq.gz	/home/siddharth/liver_cirrhosis/data/PRJNA1259947/SRR33459771_2.fastq.gz
SRR33459772	/home/siddharth/liver_cirrhosis/data/PRJNA1259947/SRR33459772_1.fastq.gz	/home/siddharth/liver_cirrhosis/data/PRJNA1259947/SRR33459772_2.fastq.gz
SRR33459773	/home/siddharth/liver_cirrhosis/data/PRJNA1259947/SRR33459773_1.fastq.gz	/home/siddharth/liver_cirrhosis/data/PRJNA1259947/SRR33459773_2.fastq.gz
SRR33459774	/home/siddharth/liver_cirrhosis/data/PRJNA1259947/SRR33459774_1.fastq.gz	/home/siddharth/liver_cirrhosis/data/PRJNA1259947/SRR33459774_2.fastq.gz
SRR33459775	/home/siddharth/liver_cirrhosis/data/PRJNA1259947/SRR33459775_1.fastq.gz	/home/siddharth/liver_cirrhosis/data/PRJNA1259947/SRR33459775_2.fastq.gz
SRR33459776	/home/siddharth/liver_cirrhosis/data/PRJNA1259947/SRR33459776_1.fastq.gz	/home/siddharth/liver_cirrhosis/data/PRJNA1259947/SRR33459776_2.fastq.gz
SRR33459777	/home/siddharth/liver_cirrhosis/data/PRJNA1259947/SRR33459777_1.fastq.gz	/home/siddharth/liver_cirrhosis/data/PRJNA1259947/SRR33459777_2.fastq.gz
SRR33459778	/home/siddharth/liver_cirrhosis/data/PRJNA1259947/SRR33459778_1.fastq.gz	/home/siddharth/liver_cirrhosis/data/PRJNA1259947/SRR33459778_2.fastq.gz
SRR33459779	/home/siddharth/liver_cirrhosis/data/PRJNA1259947/SRR33459779_1.fastq.gz	/home/siddharth/liver_cirrhosis/data/PRJNA1259947/SRR33459779_2.fastq.gz
SRR33459780	/home/siddharth/liver_cirrhosis/data/PRJNA1259947/SRR33459780_1.fastq.gz	/home/siddharth/liver_cirrhosis/data/PRJNA1259947/SRR33459780_2.fastq.gz
SRR33459781	/home/siddharth/liver_cirrhosis/data/PRJNA1259947/SRR33459781_1.fastq.gz	/home/siddharth/liver_cirrhosis/data/PRJNA1259947/SRR33459781_2.fastq.gz
SRR33459782	/home/siddharth/liver_cirrhosis/data/PRJNA1259947/SRR33459782_1.fastq.gz	/home/siddharth/liver_cirrhosis/data/PRJNA1259947/SRR33459782_2.fastq.gz
SRR33459783	/home/siddharth/liver_cirrhosis/data/PRJNA1259947/SRR33459783_1.fastq.gz	/home/siddharth/liver_cirrhosis/data/PRJNA1259947/SRR33459783_2.fastq.gz
SRR33459784	/home/siddharth/liver_cirrhosis/data/PRJNA1259947/SRR33459784_1.fastq.gz	/home/siddharth/liver_cirrhosis/data/PRJNA1259947/SRR33459784_2.fastq.gz
SRR33459785	/home/siddharth/liver_cirrhosis/data/PRJNA1259947/SRR33459785_1.fastq.gz	/home/siddharth/liver_cirrhosis/data/PRJNA1259947/SRR33459785_2.fastq.gz
SRR33459786	/home/siddharth/liver_cirrhosis/data/PRJNA1259947/SRR33459786_1.fastq.gz	/home/siddharth/liver_cirrhosis/data/PRJNA1259947/SRR33459786_2.fastq.gz
SRR33459787	/home/siddharth/liver_cirrhosis/data/PRJNA1259947/SRR33459787_1.fastq.gz	/home/siddharth/liver_cirrhosis/data/PRJNA1259947/SRR33459787_2.fastq.gz
SRR33459788	/home/siddharth/liver_cirrhosis/data/PRJNA1259947/SRR33459788_1.fastq.gz	/home/siddharth/liver_cirrhosis/data/PRJNA1259947/SRR33459788_2.fastq.gz
SRR33459789	/home/siddharth/liver_cirrhosis/data/PRJNA1259947/SRR33459789_1.fastq.gz	/home/siddharth/liver_cirrhosis/data/PRJNA1259947/SRR33459789_2.fastq.gz
SRR33459790	/home/siddharth/liver_cirrhosis/data/PRJNA1259947/SRR33459790_1.fastq.gz	/home/siddharth/liver_cirrhosis/data/PRJNA1259947/SRR33459790_2.fastq.gz
SRR33459791	/home/siddharth/liver_cirrhosis/data/PRJNA1259947/SRR33459791_1.fastq.gz	/home/siddharth/liver_cirrhosis/data/PRJNA1259947/SRR33459791_2.fastq.gz
SRR33459792	/home/siddharth/liver_cirrhosis/data/PRJNA1259947/SRR33459792_1.fastq.gz	/home/siddharth/liver_cirrhosis/data/PRJNA1259947/SRR33459792_2.fastq.gz
SRR33459793	/home/siddharth/liver_cirrhosis/data/PRJNA1259947/SRR33459793_1.fastq.gz	/home/siddharth/liver_cirrhosis/data/PRJNA1259947/SRR33459793_2.fastq.gz
SRR33459794	/home/siddharth/liver_cirrhosis/data/PRJNA1259947/SRR33459794_1.fastq.gz	/home/siddharth/liver_cirrhosis/data/PRJNA1259947/SRR33459794_2.fastq.gz
SRR33459795	/home/siddharth/liver_cirrhosis/data/PRJNA1259947/SRR33459795_1.fastq.gz	/home/siddharth/liver_cirrhosis/data/PRJNA1259947/SRR33459795_2.fastq.gz
SRR33459796	/home/siddharth/liver_cirrhosis/data/PRJNA1259947/SRR33459796_1.fastq.gz	/home/siddharth/liver_cirrhosis/data/PRJNA1259947/SRR33459796_2.fastq.gz
SRR33459797	/home/siddharth/liver_cirrhosis/data/PRJNA1259947/SRR33459797_1.fastq.gz	/home/siddharth/liver_cirrhosis/data/PRJNA1259947/SRR33459797_2.fastq.gz
